tool_generator_000001,Jack5899!
tool_generator_000002,Jack5899!
tool_generator_000003,Jack5899!
tool_generator_000004,Jack5899!
tool_generator_000005,Jack5899!
tool_generator_000006,Jack5899!
tool_generator_000007,Jack5899!
tool_generator_000008,Jack5899!
tool_generator_000009,Jack5899!
tool_generator_000010,Jack5899!
tool_generator_000011,Jack5899!
tool_generator_000012,Jack5899!
tool_generator_000013,Jack5899!
tool_generator_000014,Jack5899!
tool_generator_000015,Jack5899!
tool_generator_000016,Jack5899!
tool_generator_000017,Jack5899!
tool_generator_000018,Jack5899!
tool_generator_000019,Jack5899!
tool_generator_000020,Jack5899!
tool_generator_000021,Jack5899!
tool_generator_000022,Jack5899!
tool_generator_000023,Jack5899!
tool_generator_000024,Jack5899!
tool_generator_000025,Jack5899!
tool_generator_000026,Jack5899!
tool_generator_000027,Jack5899!
tool_generator_000028,Jack5899!
tool_generator_000029,Jack5899!
tool_generator_000030,Jack5899!
tool_generator_000031,Jack5899!
tool_generator_000032,Jack5899!
tool_generator_000033,Jack5899!
tool_generator_000034,Jack5899!
tool_generator_000035,Jack5899!
tool_generator_000036,Jack5899!
tool_generator_000037,Jack5899!
tool_generator_000038,Jack5899!
tool_generator_000039,Jack5899!
tool_generator_000040,Jack5899!
tool_generator_000041,Jack5899!
tool_generator_000042,Jack5899!
tool_generator_000043,Jack5899!
tool_generator_000044,Jack5899!
tool_generator_000045,Jack5899!
tool_generator_000046,Jack5899!
tool_generator_000047,Jack5899!
tool_generator_000048,Jack5899!
tool_generator_000049,Jack5899!
tool_generator_000050,Jack5899!
tool_generator_000051,Jack5899!
tool_generator_000052,Jack5899!
tool_generator_000053,Jack5899!
tool_generator_000054,Jack5899!
tool_generator_000055,Jack5899!
tool_generator_000056,Jack5899!
tool_generator_000057,Jack5899!
tool_generator_000058,Jack5899!
tool_generator_000059,Jack5899!
tool_generator_000060,Jack5899!
tool_generator_000061,Jack5899!
tool_generator_000062,Jack5899!
tool_generator_000063,Jack5899!
tool_generator_000064,Jack5899!
tool_generator_000065,Jack5899!
tool_generator_000066,Jack5899!
tool_generator_000067,Jack5899!
tool_generator_000068,Jack5899!
tool_generator_000069,Jack5899!
tool_generator_000070,Jack5899!
tool_generator_000071,Jack5899!
tool_generator_000072,Jack5899!
tool_generator_000073,Jack5899!
tool_generator_000074,Jack5899!
tool_generator_000075,Jack5899!
tool_generator_000076,Jack5899!
tool_generator_000077,Jack5899!
tool_generator_000078,Jack5899!
tool_generator_000079,Jack5899!
tool_generator_000080,Jack5899!
tool_generator_000081,Jack5899!
tool_generator_000082,Jack5899!
tool_generator_000083,Jack5899!
tool_generator_000084,Jack5899!
tool_generator_000085,Jack5899!
tool_generator_000086,Jack5899!
tool_generator_000087,Jack5899!
tool_generator_000088,Jack5899!
tool_generator_000089,Jack5899!
tool_generator_000090,Jack5899!
tool_generator_000091,Jack5899!
tool_generator_000092,Jack5899!
tool_generator_000093,Jack5899!
tool_generator_000094,Jack5899!
tool_generator_000095,Jack5899!
tool_generator_000096,Jack5899!
tool_generator_000097,Jack5899!
tool_generator_000098,Jack5899!
tool_generator_000099,Jack5899!
tool_generator_000100,Jack5899!